"","n","MeanThrn","SDThrn","MeanValn","SDValn","MeanLeun","SDLeun","MeanPhen","SDPhen","MeanLysn","SDLysn"
"PelagicPlankton",8,10.633,0.284329788399718,-3.6095,0.384791966058099,-4.23325,0.387282012418415,-5.65325,0.531202342400171,2.863,0.690993487668299
"ReefPlankton",25,6.77952,0.592538966369864,-3.99288,0.991005731567684,-3.47248,0.748241556361759,-1.18608,0.849155949556185,1.87192,0.57007352742139
"Coral",9,7.04266666666667,0.761763742901958,-5.70177777777778,0.655811287219459,-4.324,0.69015143265808,0.397111111111111,0.550686036786036,2.586,0.817633169581567
