"LD1","LD2"
1.22678777161222,-0.47940410161756
-0.0718303569440645,0.666672333727202
-0.269481799895094,-0.14587472813182
-1.48086001477088,0.0994146518923832
0.00919513712522035,-1.0845116788844
